{"cameraMode":{"drawMode":0,"name":"Shaded","section":"Shading Mode"},"sceneLighting":true,"audioPlay":false,"sceneViewState":{"showFog":true,"showMaterialUpdate":false,"showSkybox":true,"showFlares":true,"showImageEffects":true,"showParticleSystems":true},"in2DMode":false,"pivot":{"x":-3.228746175765991,"y":2.0799999237060549,"z":-11.441211700439454},"rotation":{"x":-0.1594504714012146,"y":-0.8384893536567688,"z":0.39917969703674319,"w":-0.3349878489971161},"size":28.355987548828126,"orthographic":false}