{"cameraMode":{"drawMode":0,"name":"Shaded","section":"Shading Mode"},"sceneLighting":true,"audioPlay":false,"sceneViewState":{"showFog":true,"showMaterialUpdate":true,"showSkybox":true,"showFlares":true,"showImageEffects":true,"showParticleSystems":true},"in2DMode":false,"pivot":{"x":8.407962799072266,"y":5.240991592407227,"z":-161.038330078125},"rotation":{"x":-0.01611204817891121,"y":0.9592719078063965,"z":-0.276681512594223,"w":-0.0556461475789547},"size":33.786556243896487,"orthographic":false}