{"cameraMode":{"drawMode":0,"name":"Shaded","section":"Shading Mode"},"sceneLighting":false,"audioPlay":false,"sceneViewState":{"showFog":true,"showMaterialUpdate":true,"showSkybox":false,"showFlares":true,"showImageEffects":true,"showParticleSystems":true},"in2DMode":false,"pivot":{"x":1.2000000476837159,"y":1.840000033378601,"z":-5.360000133514404},"rotation":{"x":0.2482830286026001,"y":0.101252980530262,"z":-0.026134291663765909,"w":0.9630790948867798},"size":0.6869494915008545,"orthographic":false}