{"cameraMode":{"drawMode":0,"name":"Shaded","section":"Shading Mode"},"sceneLighting":false,"audioPlay":false,"sceneViewState":{"showFog":true,"showMaterialUpdate":true,"showSkybox":false,"showFlares":true,"showImageEffects":true,"showParticleSystems":true},"in2DMode":false,"pivot":{"x":0.0015509724617004395,"y":0.11165529489517212,"z":-0.016463637351989747},"rotation":{"x":0.2738272547721863,"y":-0.6442362070083618,"z":0.2661784887313843,"w":0.6627369523048401},"size":4.386708736419678,"orthographic":false}