{"cameraMode":{"drawMode":0,"name":"Shaded","section":"Shading Mode"},"sceneLighting":false,"audioPlay":false,"sceneViewState":{"showFog":true,"showMaterialUpdate":true,"showSkybox":false,"showFlares":true,"showImageEffects":true,"showParticleSystems":true},"in2DMode":false,"pivot":{"x":0.40801358222961428,"y":1.5222461223602296,"z":2.0228829383850099},"rotation":{"x":-0.28595757484436037,"y":0.5037239193916321,"z":-0.18115213513374329,"w":-0.7948510050773621},"size":6.018238067626953,"orthographic":false}