{"cameraMode":{"drawMode":0,"name":"Shaded","section":"Shading Mode"},"sceneLighting":false,"audioPlay":false,"sceneViewState":{"showFog":true,"showMaterialUpdate":true,"showSkybox":false,"showFlares":true,"showImageEffects":true,"showParticleSystems":true},"in2DMode":false,"pivot":{"x":-9.273550033569336,"y":2.6105499267578127,"z":-11.600000381469727},"rotation":{"x":0.26500454545021059,"y":0.06418605148792267,"z":-0.01770133152604103,"w":0.9619852900505066},"size":10.552165985107422,"orthographic":false}