{"cameraMode":{"drawMode":0,"name":"Shaded","section":"Shading Mode"},"sceneLighting":true,"audioPlay":false,"sceneViewState":{"showFog":true,"showMaterialUpdate":true,"showSkybox":true,"showFlares":true,"showImageEffects":true,"showParticleSystems":true},"in2DMode":false,"pivot":{"x":0.05294984579086304,"y":2.0,"z":-0.06860044598579407},"rotation":{"x":0.26104170083999636,"y":-0.672862708568573,"z":0.27682533860206606,"w":0.6344868540763855},"size":11.248919486999512,"orthographic":false}