{"cameraMode":{"drawMode":0,"name":"Shaded","section":"Shading Mode"},"sceneLighting":true,"audioPlay":false,"sceneViewState":{"showFog":true,"showMaterialUpdate":true,"showSkybox":true,"showFlares":true,"showImageEffects":true,"showParticleSystems":true},"in2DMode":false,"pivot":{"x":-37.04085922241211,"y":-20.934133529663087,"z":-27.476343154907228},"rotation":{"x":-0.1399436593055725,"y":0.8446776270866394,"z":-0.2671234607696533,"w":-0.4423782527446747},"size":73.46087646484375,"orthographic":false}