{"cameraMode":{"drawMode":0,"name":"Shaded","section":"Shading Mode"},"sceneLighting":false,"audioPlay":false,"sceneViewState":{"showFog":false,"showMaterialUpdate":false,"showSkybox":false,"showFlares":false,"showImageEffects":false,"showParticleSystems":false},"in2DMode":false,"pivot":{"x":854.817626953125,"y":0.5671529769897461,"z":717.9423828125},"rotation":{"x":-0.0021497358102351429,"y":-0.9933084845542908,"z":0.1140434741973877,"w":-0.018770571798086168},"size":2.459643840789795,"orthographic":false}