{"cameraMode":{"drawMode":0,"name":"Shaded","section":"Shading Mode"},"sceneLighting":true,"audioPlay":false,"sceneViewState":{"showFog":false,"showMaterialUpdate":false,"showSkybox":false,"showFlares":false,"showImageEffects":false,"showParticleSystems":false},"in2DMode":false,"pivot":{"x":2.6144306659698488,"y":5.697610855102539,"z":-19.688385009765626},"rotation":{"x":-0.0021497358102351429,"y":-0.9933084845542908,"z":0.1140434741973877,"w":-0.018770571798086168},"size":48.39507293701172,"orthographic":false}