{"cameraMode":{"drawMode":0,"name":"Shaded","section":"Shading Mode"},"sceneLighting":false,"audioPlay":false,"sceneViewState":{"showFog":true,"showMaterialUpdate":false,"showSkybox":false,"showFlares":true,"showImageEffects":true,"showParticleSystems":true},"in2DMode":false,"pivot":{"x":1.2000000476837159,"y":1.840000033378601,"z":-5.360000133514404},"rotation":{"x":-0.32415634393692019,"y":0.596954882144928,"z":-0.2863946557044983,"w":-0.6757151484489441},"size":0.6869494915008545,"orthographic":false}