{"cameraMode":{"drawMode":0,"name":"Shaded","section":"Shading Mode"},"sceneLighting":true,"audioPlay":false,"sceneViewState":{"showFog":true,"showMaterialUpdate":false,"showSkybox":true,"showFlares":true,"showImageEffects":true,"showParticleSystems":true},"in2DMode":false,"pivot":{"x":242.0,"y":15.026391983032227,"z":-1809.300048828125},"rotation":{"x":-0.37791377305984499,"y":-0.4818224608898163,"z":0.24191130697727204,"w":-0.7527007460594177},"size":364.68231201171877,"orthographic":false}